City_ID,City,Country,Date,Lat,Lng,Max Temp,Humidity,Cloudiness,Wind Speed
0,Carnarvon,AU,2022-08-07 02:41:45,-24.8667,113.6333,66.97,50,0,14.45
1,Busselton,AU,2022-08-07 02:41:45,-33.65,115.3333,57.76,64,3,8.9
2,Castro,BR,2022-08-07 02:41:46,-24.7911,-50.0119,52.63,97,100,6.53
3,Constitucion,CL,2022-08-07 02:41:46,-35.3333,-72.4167,51.82,91,82,18.68
4,Qaqortoq,GL,2022-08-07 02:41:46,60.7167,-46.0333,43.0,94,66,4.74
5,Bluff,NZ,2022-08-07 02:41:47,-46.6,168.3333,42.8,53,99,14.43
6,San Cristobal,VE,2022-08-07 02:41:44,7.7669,-72.225,69.98,92,97,2.21
7,Nemuro,JP,2022-08-07 02:41:47,43.3236,145.575,64.38,91,100,14.65
8,Auki,SB,2022-08-07 02:41:47,-8.7676,160.7034,85.48,65,56,2.42
9,Ushuaia,AR,2022-08-07 02:38:11,-54.8,-68.3,33.46,80,0,1.14
10,Jamestown,US,2022-08-07 02:41:31,42.097,-79.2353,73.18,55,3,4.38
11,Camapua,BR,2022-08-07 02:41:48,-19.5314,-54.0439,73.63,30,93,1.07
12,Hobart,AU,2022-08-07 02:39:06,-42.8794,147.3294,51.26,76,20,5.75
13,Mae Hong Son,TH,2022-08-07 02:41:48,19.3003,97.9685,80.74,78,75,1.14
14,Tuktoyaktuk,CA,2022-08-07 02:41:49,69.4541,-133.0374,48.2,93,100,17.27
15,Grand Gaube,MU,2022-08-07 02:41:49,-20.0064,57.6608,68.4,78,9,13.33
16,Pisco,PE,2022-08-07 02:41:49,-13.7,-76.2167,60.85,88,95,6.91
17,Port Alfred,ZA,2022-08-07 02:41:49,-33.5906,26.891,57.18,95,100,5.01
18,Magan,ES,2022-08-07 02:41:50,39.9683,-3.931,81.12,29,0,6.02
19,Agadez,NE,2022-08-07 02:41:50,19.75,10.25,90.59,16,100,6.38
20,Harper,LR,2022-08-07 02:41:50,4.375,-7.7169,72.72,76,1,6.87
21,Vila Velha,BR,2022-08-07 02:41:51,-20.3297,-40.2925,68.95,89,20,3.44
22,Vaini,TO,2022-08-07 02:41:51,-21.2,-175.2,80.76,89,20,6.91
23,Ilulissat,GL,2022-08-07 02:41:52,69.2167,-51.1,44.62,87,75,0.0
24,Chuy,UY,2022-08-07 02:41:52,-33.6971,-53.4616,47.64,84,100,5.73
25,Talavera,PH,2022-08-07 02:41:52,15.6167,120.9333,83.23,72,100,5.41
26,Yenagoa,NG,2022-08-07 02:41:53,4.9247,6.2642,73.2,90,98,2.93
27,Darhan,MN,2022-08-07 02:41:53,49.4867,105.9228,61.03,51,35,2.08
28,Yellowknife,CA,2022-08-07 02:41:53,62.456,-114.3525,61.32,82,75,6.91
29,Mataura,NZ,2022-08-07 02:41:53,-46.1927,168.8643,42.48,93,100,4.0
30,Miami,US,2022-08-07 02:38:21,25.7743,-80.1937,85.01,75,40,15.01
31,Vardo,NO,2022-08-07 02:41:54,70.3705,31.1107,49.98,93,100,23.02
32,Tura,IN,2022-08-07 02:41:54,25.5198,90.2201,78.58,87,94,2.08
33,Kodiak,US,2022-08-07 02:41:55,57.79,-152.4072,65.71,42,20,13.8
34,Puerto Ayora,EC,2022-08-07 02:41:55,-0.7393,-90.3518,67.55,98,84,7.0
35,Codrington,AU,2022-08-07 02:41:55,-38.2667,141.9667,52.68,57,97,6.35
36,Cape Town,ZA,2022-08-07 02:40:27,-33.9258,18.4232,56.1,81,0,8.05
37,New Norfolk,AU,2022-08-07 02:41:56,-42.7826,147.0587,50.92,65,93,1.99
38,Trogir,HR,2022-08-07 02:41:56,43.5125,16.2517,84.25,45,0,5.75
39,Lasa,IT,2022-08-07 02:41:57,46.6166,10.7002,59.36,93,100,1.07
40,Ambato,EC,2022-08-07 02:37:53,-1.2491,-78.6168,51.89,59,95,3.0
41,Norman Wells,CA,2022-08-07 02:39:32,65.282,-126.8329,68.04,42,20,11.5
42,East London,ZA,2022-08-07 02:41:57,-33.0153,27.9116,61.05,84,100,15.37
43,Hermanus,ZA,2022-08-07 02:41:57,-34.4187,19.2345,56.8,84,92,18.52
44,Cabo San Lucas,MX,2022-08-07 02:40:00,22.8909,-109.9124,85.51,75,75,8.05
45,Bengkulu,ID,2022-08-07 02:42:58,-3.8004,102.2655,82.0,68,12,4.47
46,Lagdo,CM,2022-08-07 02:42:58,9.05,13.7333,70.02,96,100,1.1
47,Georgetown,MY,2022-08-07 02:42:58,5.4112,100.3354,85.89,79,20,5.99
48,Atocha,BO,2022-08-07 02:42:59,-20.9333,-66.2333,32.63,31,2,7.58
49,Laguna,US,2022-08-07 02:42:59,38.421,-121.4238,85.98,48,0,12.66
50,Aklavik,CA,2022-08-07 02:42:59,68.2191,-135.0107,48.78,76,55,16.44
51,Wanaka,NZ,2022-08-07 02:43:00,-44.7,169.15,39.11,89,100,3.0
52,Ellensburg,US,2022-08-07 02:43:00,46.9965,-120.5479,84.69,35,4,4.0
53,Arbuzynka,UA,2022-08-07 02:43:00,47.9097,31.3196,69.91,63,5,7.43
54,Narsaq,GL,2022-08-07 02:43:01,60.9167,-46.05,46.62,94,76,2.04
55,San Luis,AR,2022-08-07 02:43:01,-33.295,-66.3356,46.51,62,80,7.43
56,Mahebourg,MU,2022-08-07 02:43:02,-20.4081,57.7,68.29,88,40,5.75
57,Baiyin,CN,2022-08-07 02:43:02,36.5583,104.2081,79.92,50,98,6.42
58,Esperance,AU,2022-08-07 02:43:02,-33.8667,121.9,61.29,59,68,19.35
59,Sitka,US,2022-08-07 02:43:03,57.0531,-135.33,58.89,88,100,13.8
60,Hilo,US,2022-08-07 02:43:03,19.7297,-155.09,87.28,77,0,12.66
61,Rikitea,PF,2022-08-07 02:40:33,-23.1203,-134.9692,69.71,66,100,23.17
62,Albany,US,2022-08-07 02:43:04,42.6001,-73.9662,79.59,91,20,3.98
63,Tilichiki,RU,2022-08-07 02:43:04,60.4667,166.1,65.37,56,100,7.87
64,Yulara,AU,2022-08-07 02:43:05,-25.2406,130.9889,64.22,26,0,13.53
65,Neuquen,AR,2022-08-07 02:43:05,-38.9516,-68.0591,39.09,93,100,6.91
66,Guangyuan,CN,2022-08-07 02:39:12,32.442,105.823,88.48,64,100,3.4
67,Fortuna,US,2022-08-07 02:43:06,40.5982,-124.1573,64.92,85,100,6.91
68,Lebu,CL,2022-08-07 02:43:06,-37.6167,-73.65,48.7,94,100,4.5
69,Zhuanghe,CN,2022-08-07 02:43:07,39.7008,122.9911,76.64,97,100,2.28
70,Vaitape,PF,2022-08-07 02:43:07,-16.5167,-151.75,77.65,73,95,26.08
71,Kyshtovka,RU,2022-08-07 02:43:08,56.555,76.6271,64.83,82,84,7.65
72,Port Elizabeth,ZA,2022-08-07 02:43:08,-33.918,25.5701,58.1,93,100,17.27
73,Bredasdorp,ZA,2022-08-07 02:43:08,-34.5322,20.0403,57.13,83,100,22.03
74,Lavrentiya,RU,2022-08-07 02:43:09,65.5833,-171.0,49.17,74,92,8.72
75,Qaanaaq,GL,2022-08-07 02:43:09,77.484,-69.3632,37.49,67,10,2.66
76,Emba,KZ,2022-08-07 02:43:10,48.8264,58.1442,73.49,41,2,12.95
77,Lashio,MM,2022-08-07 02:43:10,22.9333,97.75,73.4,97,100,1.19
78,Amapa,BR,2022-08-07 02:43:11,1.0,-52.0,68.85,95,45,2.42
79,Ribeira Grande,PT,2022-08-07 02:43:11,38.5167,-28.7,74.93,84,27,13.47
80,Avarua,CK,2022-08-07 02:43:12,-21.2078,-159.775,77.05,61,20,20.71
81,Deputatskiy,RU,2022-08-07 02:43:12,69.3,139.9,41.79,96,100,5.75
82,Havoysund,NO,2022-08-07 02:43:12,70.9963,24.6622,52.03,79,100,13.35
83,Luganville,VU,2022-08-07 02:43:13,-15.5333,167.1667,82.83,72,49,9.78
84,Klaksvik,FO,2022-08-07 02:43:13,62.2266,-6.589,52.72,90,92,8.23
85,Kumluca,TR,2022-08-07 02:43:14,36.3703,30.2869,78.39,76,0,3.4
86,Dikson,RU,2022-08-07 02:43:14,73.5069,80.5464,41.02,97,100,9.15
87,Orel-Izumrud,RU,2022-08-07 02:43:15,43.4583,39.9244,69.82,77,20,11.18
88,Shubarshi,KZ,2022-08-07 02:44:15,48.5872,57.1869,74.05,38,4,13.33
89,Kaitangata,NZ,2022-08-07 02:44:15,-46.2817,169.8464,37.31,95,100,5.41
90,Sao Filipe,CV,2022-08-07 02:44:16,14.8961,-24.4956,78.24,86,93,2.06
91,Arman,RU,2022-08-07 02:44:16,59.7,150.1667,66.02,69,11,6.2
92,Abaza,RU,2022-08-07 02:44:17,52.655,90.0928,65.32,46,0,3.76
93,Marsa Matruh,EG,2022-08-07 02:44:17,31.3525,27.2453,75.4,83,0,11.5
94,Papayal,PE,2022-08-07 02:44:17,-4.0761,-80.7361,71.15,69,47,1.83
95,Comodoro Rivadavia,AR,2022-08-07 02:40:13,-45.8667,-67.5,39.06,93,75,5.75
96,Diego De Almagro,CL,2022-08-07 02:41:29,-26.3667,-70.05,52.66,44,0,2.82
97,Leningradskiy,RU,2022-08-07 02:44:18,69.3833,178.4167,35.24,99,100,8.95
98,Hambantota,LK,2022-08-07 02:44:18,6.1241,81.1185,79.14,100,40,8.05
99,Katsuura,JP,2022-08-07 02:44:18,35.1333,140.3,83.12,78,35,10.07
100,Butaritari,KI,2022-08-07 02:44:19,3.0707,172.7902,82.36,75,84,14.97
101,Iberia,US,2022-08-07 02:44:19,29.9502,-91.7507,81.99,78,0,4.61
102,Barrow,US,2022-08-07 02:44:19,71.2906,-156.7887,39.22,75,100,10.36
103,Nikolskoye,RU,2022-08-07 02:44:20,59.7035,30.7861,58.87,94,100,5.48
104,Meulaboh,ID,2022-08-07 02:44:20,4.1363,96.1285,82.31,69,88,3.09
105,Emerald,AU,2022-08-07 02:42:25,-23.5333,148.1667,69.35,47,0,5.79
106,Salalah,OM,2022-08-07 02:44:21,17.0151,54.0924,77.09,100,100,3.44
107,Kapaa,US,2022-08-07 02:40:02,22.0752,-159.319,82.72,76,0,5.75
108,Twentynine Palms,US,2022-08-07 02:44:21,34.1356,-116.0542,98.04,22,55,7.61
109,Huilong,CN,2022-08-07 02:44:22,31.8111,121.655,90.93,65,95,10.54
110,Khani,GE,2022-08-07 02:44:22,41.9563,42.9566,58.57,82,60,3.42
111,Ulaangom,MN,2022-08-07 02:44:22,49.9811,92.0667,64.94,34,70,5.57
112,Sao Joao Da Barra,BR,2022-08-07 02:44:23,-21.6403,-41.0511,70.54,78,89,9.55
113,Mar Del Plata,AR,2022-08-07 02:44:23,-38.0023,-57.5575,47.08,77,100,1.99
114,Chokurdakh,RU,2022-08-07 02:44:23,70.6333,147.9167,53.13,44,96,9.82
115,Sergeyevka,KZ,2022-08-07 02:44:24,53.88,67.4158,69.66,64,20,7.02
116,Tasiilaq,GL,2022-08-07 02:44:24,65.6145,-37.6368,42.96,92,100,21.5
117,Ternate,ID,2022-08-07 02:44:24,0.8,127.4,82.78,74,100,5.3
118,Bambous Virieux,MU,2022-08-07 02:44:24,-20.3428,57.7575,68.25,88,40,5.75
119,Ostend,BE,2022-08-07 02:44:25,51.2234,2.9119,56.91,80,0,1.14
120,Mattru,SL,2022-08-07 02:44:25,7.6244,-11.8332,72.81,95,100,2.8
121,Russell,US,2022-08-07 02:44:25,32.3502,-85.1999,80.2,88,75,0.0
122,Sulangan,PH,2022-08-07 02:44:26,11.1373,123.7228,79.56,80,100,5.39
123,Luderitz,NA,2022-08-07 02:44:26,-26.6481,15.1594,54.93,97,80,8.9
124,Gulbarga,IN,2022-08-07 02:44:26,17.3333,76.8333,75.13,86,100,11.1
125,Beringovskiy,RU,2022-08-07 02:44:27,63.05,179.3167,53.13,87,100,5.66
126,Basco,PH,2022-08-07 02:44:27,20.4487,121.9702,85.23,73,82,16.87
127,Praia,CV,2022-08-07 02:44:27,14.9215,-23.5087,79.34,89,75,9.22
128,Kyren,RU,2022-08-07 02:44:28,51.6828,102.1408,61.68,53,3,2.66
129,Moindou,NC,2022-08-07 02:44:28,-21.6924,165.677,75.58,82,79,6.4
130,Beloha,MG,2022-08-07 02:44:28,-25.1667,45.05,60.73,91,37,2.98
131,Hasaki,JP,2022-08-07 02:44:29,35.7333,140.8333,88.29,80,36,10.45
132,Vao,NC,2022-08-07 02:44:29,-22.6667,167.4833,74.95,78,16,10.87
133,Glenwood Springs,US,2022-08-07 02:44:29,39.5505,-107.3248,88.72,44,0,8.05
134,Ostrovnoy,RU,2022-08-07 02:44:29,68.0531,39.5131,63.66,87,100,23.22
135,Olafsvik,IS,2022-08-07 02:44:30,64.8945,-23.7142,51.3,86,100,12.06
136,Pevek,RU,2022-08-07 02:45:30,69.7008,170.3133,31.05,93,100,14.83
137,Punta Arenas,CL,2022-08-07 02:45:30,-53.15,-70.9167,35.71,93,100,5.75
138,Cherskiy,RU,2022-08-07 02:45:31,68.75,161.3,45.82,56,34,19.19
139,Atuona,PF,2022-08-07 02:45:31,-9.8,-139.0333,77.0,76,28,18.57
140,Kruisfontein,ZA,2022-08-07 02:45:31,-34.0033,24.7314,55.89,90,100,15.95
141,General Roca,AR,2022-08-07 02:45:32,-39.0333,-67.5833,39.38,92,100,14.61
142,Borogontsy,RU,2022-08-07 02:45:32,62.6683,131.1683,65.41,68,100,12.19
143,Ancud,CL,2022-08-07 02:45:32,-41.8697,-73.8203,42.22,81,100,8.63
144,Meadow Lake,US,2022-08-07 02:45:07,34.8014,-106.5436,76.6,62,97,5.5
145,Bolobo,CD,2022-08-07 02:45:33,-2.1667,16.2333,74.89,64,43,3.76
146,Furano,JP,2022-08-07 02:45:33,43.2818,142.4743,72.9,78,100,5.28
147,Zhezkazgan,KZ,2022-08-07 02:45:33,47.8043,67.7144,69.78,37,0,17.9
148,Pizarro,CO,2022-08-07 02:45:34,4.9533,-77.366,76.69,90,100,3.09
149,Mancio Lima,BR,2022-08-07 02:45:34,-7.6142,-72.8958,71.62,97,73,0.69
150,Walvis Bay,NA,2022-08-07 02:45:34,-22.9575,14.5053,55.09,94,93,4.61
151,Wollongong,AU,2022-08-07 02:45:35,-34.4333,150.8833,64.08,53,29,12.64
152,Coquimbo,CL,2022-08-07 02:45:35,-29.9533,-71.3436,55.13,87,75,5.75
153,Vvedenskoye,RU,2022-08-07 02:45:35,55.4753,65.0847,71.38,62,91,6.78
154,Vredendal,ZA,2022-08-07 02:45:36,-31.6683,18.5012,53.49,70,10,2.15
155,Mount Darwin,ZW,2022-08-07 02:45:36,-16.7725,31.5838,52.39,57,0,3.31
156,Danjiangkou,CN,2022-08-07 02:45:36,32.5428,111.5086,98.56,48,98,3.67
157,Athens,GR,2022-08-07 02:45:37,37.9795,23.7162,83.16,51,20,11.5
158,Christchurch,NZ,2022-08-07 02:43:18,-43.5333,172.6333,52.0,82,75,26.46
159,Valparaiso,CL,2022-08-07 02:45:37,-33.0393,-71.6273,53.47,100,100,3.44
160,Kudat,MY,2022-08-07 02:45:37,6.8837,116.8477,85.93,70,20,4.61
161,Saskylakh,RU,2022-08-07 02:45:38,71.9167,114.0833,53.4,56,100,10.4
162,Namatanai,PG,2022-08-07 02:45:38,-3.6667,152.4333,82.45,74,100,6.55
163,Iqaluit,CA,2022-08-07 02:45:38,63.7506,-68.5145,53.33,66,75,10.36
164,Palembang,ID,2022-08-07 02:45:39,-2.9167,104.7458,84.29,70,20,9.22
165,Saint-Denis,FR,2022-08-07 02:45:39,48.9167,2.3333,62.38,59,0,10.36
166,Veraval,IN,2022-08-07 02:45:39,20.9,70.3667,82.49,82,100,8.55
167,Almaznyy,RU,2022-08-07 02:45:40,48.0448,40.045,68.74,38,6,3.78
168,Cedar City,US,2022-08-07 02:45:40,37.6775,-113.0619,77.97,34,0,6.91
169,Taoudenni,ML,2022-08-07 02:45:41,22.6783,-3.9836,97.59,14,0,11.45
170,Stornoway,GB,2022-08-07 02:45:41,58.2093,-6.3865,57.16,95,100,11.5
171,Faanui,PF,2022-08-07 02:45:41,-16.4833,-151.75,77.7,73,92,26.22
172,Nave,IT,2022-08-07 02:45:42,45.5875,10.29,71.73,73,75,16.11
173,Rio Grande,BR,2022-08-07 02:45:42,-32.035,-52.0986,50.95,84,100,11.39
174,Baykit,RU,2022-08-07 02:45:42,61.67,96.37,69.26,50,93,11.48
175,Cabedelo,BR,2022-08-07 02:45:42,-6.9811,-34.8339,74.07,86,12,11.32
176,Moron,AR,2022-08-07 02:45:43,-34.6534,-58.6198,52.99,85,100,9.33
177,Erenhot,CN,2022-08-07 02:45:43,43.6475,111.9767,76.14,45,8,14.81
178,Charters Towers,AU,2022-08-07 02:45:43,-20.1,146.2667,77.18,38,44,11.25
179,Khatanga,RU,2022-08-07 02:45:44,71.9667,102.5,60.87,71,100,10.2
180,Dulce Grande,MX,2022-08-07 02:45:44,23.0,-102.1667,72.43,52,17,26.51
181,Najran,SA,2022-08-07 02:45:44,17.4924,44.1277,77.65,55,67,6.93
182,Flin Flon,CA,2022-08-07 02:45:45,54.7682,-101.865,58.91,69,74,6.22
183,Chone,EC,2022-08-07 02:45:45,-0.6833,-80.1,71.01,87,90,3.56
184,Souillac,MU,2022-08-07 02:46:45,-20.5167,57.5167,68.38,88,40,5.75
185,Bethel,US,2022-08-07 02:42:49,41.3712,-73.414,79.65,86,38,1.99
186,Saint George,US,2022-08-07 02:46:44,37.1041,-113.5841,97.39,22,0,8.99
187,Uthal,PK,2022-08-07 02:46:46,25.8072,66.6219,82.69,79,97,1.59
188,Puerto Del Rosario,ES,2022-08-07 02:46:46,28.5004,-13.8627,71.35,83,100,18.41
189,Subiaco,IT,2022-08-07 02:46:46,41.9254,13.0941,76.98,70,0,4.43
190,Flinders,AU,2022-08-07 02:42:59,-34.5833,150.8552,64.18,53,25,5.99
191,Siderno,IT,2022-08-07 02:46:47,38.2779,16.302,77.34,83,5,11.16
192,Hirara,JP,2022-08-07 02:46:47,24.8,125.2833,89.46,70,40,16.11
193,Mokrousovo,RU,2022-08-07 02:46:47,55.8103,66.7653,68.92,70,100,8.99
194,Padang,ID,2022-08-07 02:46:47,-0.9492,100.3543,84.25,61,37,3.62
195,Petropavlovsk-Kamchatskiy,RU,2022-08-07 02:43:44,53.0452,158.6483,59.59,72,75,6.71
196,Vestmannaeyjar,IS,2022-08-07 02:46:48,63.4427,-20.2734,52.09,85,100,8.34
197,Karratha,AU,2022-08-07 02:46:48,-20.7377,116.8463,74.07,19,1,13.65
198,Ous,RU,2022-08-07 02:46:49,60.9058,61.5186,72.63,61,84,4.07
199,Mustla,EE,2022-08-07 02:46:49,58.2343,25.8584,51.1,79,0,5.88
200,Fairbanks,US,2022-08-07 02:43:59,64.8378,-147.7164,60.76,81,75,10.36
201,Clarence Town,AU,2022-08-07 02:46:49,-32.5833,151.7833,63.14,50,34,9.13
202,Haines Junction,CA,2022-08-07 02:46:50,60.7522,-137.5108,57.15,51,100,9.22
203,Chimbote,PE,2022-08-07 02:46:50,-9.0853,-78.5783,61.74,88,54,10.02
204,Faya,SA,2022-08-07 02:46:50,18.3851,42.4509,60.91,71,99,5.95
205,Merauke,ID,2022-08-07 02:46:50,-8.4667,140.3333,80.06,82,60,17.67
206,Awjilah,LY,2022-08-07 02:46:51,29.1081,21.2869,76.24,63,0,7.85
207,Lagos,NG,2022-08-07 02:42:09,6.5833,3.75,75.52,91,16,2.68
208,Baherden,TM,2022-08-07 02:46:51,38.4362,57.4316,86.45,23,6,6.02
209,Gummidipundi,IN,2022-08-07 02:46:51,13.4,80.15,84.2,68,99,12.97
210,Road Town,VG,2022-08-07 02:44:16,18.4167,-64.6167,84.29,89,40,10.36
211,Bud,US,2022-08-07 02:46:52,39.447,-86.1758,80.62,90,0,5.35
212,Isla Vista,US,2022-08-07 02:46:52,34.4133,-119.861,77.45,61,0,4.0
213,Boda,CF,2022-08-07 02:46:52,4.3189,17.4695,67.82,98,100,2.62
214,Brindisi,IT,2022-08-07 02:46:53,40.5833,17.6667,82.44,65,0,9.78
215,Torbay,CA,2022-08-07 02:46:53,47.6666,-52.7314,64.27,89,40,11.5
216,Atar,MR,2022-08-07 02:46:53,20.5169,-13.0499,91.29,34,100,1.88
217,Geraldton,AU,2022-08-07 02:46:54,-28.7667,114.6,68.41,68,75,4.61
218,Yerofey Pavlovich,RU,2022-08-07 02:46:54,53.9667,121.9667,55.63,91,100,5.28
219,Niamey,NE,2022-08-07 02:46:54,13.5137,2.1098,82.69,69,0,8.05
220,Bubaque,GW,2022-08-07 02:46:55,11.2833,-15.8333,76.23,92,100,9.48
221,Touros,BR,2022-08-07 02:46:55,-5.1989,-35.4608,74.64,86,3,12.12
222,Dubbo,AU,2022-08-07 02:46:55,-32.25,148.6167,57.33,58,75,12.66
223,Isangel,VU,2022-08-07 02:46:56,-19.55,169.2667,81.9,69,2,8.21
224,Brainerd,US,2022-08-07 02:43:14,46.358,-94.2008,69.82,68,0,5.75
225,Talnakh,RU,2022-08-07 02:46:56,69.4865,88.3972,54.21,70,9,7.38
226,Beboto,TD,2022-08-07 02:46:56,8.2668,16.939,70.66,96,100,2.53
227,Huarmey,PE,2022-08-07 02:46:57,-10.0681,-78.1522,62.4,86,75,10.71
228,Ponta Do Sol,PT,2022-08-07 02:46:57,32.6667,-17.1,72.01,82,0,5.88
229,Dutlwe,BW,2022-08-07 02:46:57,-23.9833,23.9,59.85,24,100,10.04
230,Ixtapa,MX,2022-08-07 02:46:57,20.7,-105.2,77.23,89,100,1.01
231,Saposoa,PE,2022-08-07 02:47:58,-6.934,-76.7716,69.85,99,82,2.53
232,Puerto Palomas,MX,2022-08-07 02:47:58,31.7667,-107.6167,91.72,20,16,8.57
233,Saint-Philippe,RE,2022-08-07 02:47:58,-21.3585,55.7679,67.59,75,5,2.68
234,Hovd,MN,2022-08-07 02:47:59,48.0056,91.6419,66.51,29,1,4.61
235,Tautira,PF,2022-08-07 02:47:59,-17.7333,-149.15,75.56,76,82,26.46
236,Troitskoye,RU,2022-08-07 02:47:59,52.9821,84.6757,71.73,43,0,4.7
237,Nome,US,2022-08-07 02:48:00,64.5011,-165.4064,51.17,66,0,10.36
238,Sebrovo,RU,2022-08-07 02:48:00,50.0981,43.2976,68.83,42,66,7.85
239,Lerwick,GB,2022-08-07 02:48:00,60.1545,-1.1494,55.4,96,100,15.88
240,Batticaloa,LK,2022-08-07 02:48:01,7.7102,81.6924,83.17,55,81,8.99
241,Ferme-Neuve,CA,2022-08-07 02:48:01,46.7001,-75.4493,70.57,88,100,5.03
242,Airai,TL,2022-08-07 02:48:01,-8.9266,125.4092,75.49,40,19,5.14
243,Placido De Castro,BR,2022-08-07 02:48:02,-10.3353,-67.1856,72.79,92,59,2.13
244,Kaihua,CN,2022-08-07 02:48:02,23.3687,104.28,71.47,83,82,5.44
245,Prince George,CA,2022-08-07 02:48:02,53.9166,-122.753,72.84,60,0,5.75
246,Sorland,NO,2022-08-07 02:48:03,67.667,12.6934,51.66,82,100,20.49
247,Cairns,AU,2022-08-07 02:48:03,-16.9167,145.7667,86.11,57,75,11.5
248,Lalmohan,BD,2022-08-07 02:48:03,22.3384,90.7419,86.05,76,55,19.19
249,Chhindwara,IN,2022-08-07 02:48:04,22.0667,78.9333,77.97,82,99,1.92
250,Alice Springs,AU,2022-08-07 02:48:04,-23.7,133.8833,63.95,25,0,14.97
251,Hisar,IN,2022-08-07 02:48:04,29.1667,75.7167,85.69,72,98,5.88
252,Toktogul,KG,2022-08-07 02:48:05,41.8708,72.9402,74.79,42,7,0.85
253,Moose Factory,CA,2022-08-07 02:48:05,51.2585,-80.6094,64.4,55,0,17.27
254,Matongo,TZ,2022-08-07 02:48:05,-2.3833,34.0833,66.02,53,85,5.53
255,Beyneu,KZ,2022-08-07 02:48:06,45.3167,55.2,79.86,20,100,7.61
256,Provideniya,RU,2022-08-07 02:48:06,64.3833,-173.3,50.63,89,72,11.18
257,Bilma,NE,2022-08-07 02:48:06,18.6853,12.9164,91.09,32,100,8.57
258,Dunedin,NZ,2022-08-07 02:45:28,-45.8742,170.5036,38.8,88,100,4.0
259,Batagay,RU,2022-08-07 02:48:07,67.6333,134.6333,59.77,82,100,3.2
260,Pangai,TO,2022-08-07 02:48:07,-19.8,-174.35,77.09,84,7,19.08
261,Eureka,US,2022-08-07 02:48:08,40.8021,-124.1637,65.19,85,30,1.99
262,Iquitos,PE,2022-08-07 02:48:08,-3.7481,-73.2472,73.44,100,0,0.0
263,Itarema,BR,2022-08-07 02:45:20,-2.9248,-39.9167,76.89,86,4,13.62
264,Banihal,IN,2022-08-07 02:48:08,33.4167,75.2,72.84,81,34,1.57
265,Camana,PE,2022-08-07 02:48:09,-16.6228,-72.7111,60.17,86,36,9.95
266,Krasnoyarka,RU,2022-08-07 02:48:09,55.3333,73.1167,62.55,77,86,6.53
267,Gatehouse Of Fleet,GB,2022-08-07 02:48:09,54.882,-4.1843,53.06,90,50,9.53
268,Saint-Pierre,RE,2022-08-07 02:48:10,-21.3393,55.4781,67.68,64,100,3.44
269,Miguel Hidalgo,MX,2022-08-07 02:48:10,19.4225,-99.2028,67.42,62,100,1.01
270,Tiksi,RU,2022-08-07 02:48:10,71.6872,128.8694,43.45,79,100,17.25
271,Amarillo,US,2022-08-07 02:47:02,35.222,-101.8313,87.58,38,0,12.66
272,Roald,NO,2022-08-07 02:48:11,62.5833,6.1333,56.75,87,100,6.91
273,Kabare,CD,2022-08-07 02:48:11,-2.4683,28.8242,58.66,80,85,1.07
274,Turochak,RU,2022-08-07 02:48:12,52.2576,87.1224,66.72,57,0,0.83
275,Metro,ID,2022-08-07 02:48:12,-5.1131,105.3067,83.68,68,62,6.04
276,Sangar,RU,2022-08-07 02:48:13,63.9242,127.4739,59.63,81,100,15.93
277,Chara,RU,2022-08-07 02:48:13,56.9064,118.2631,50.76,84,100,4.41
278,Iracoubo,GF,2022-08-07 02:48:13,5.4802,-53.2011,78.01,86,33,9.84
279,Rawlins,US,2022-08-07 02:47:28,41.7911,-107.2387,75.09,46,0,13.8
280,Port Lincoln,AU,2022-08-07 02:46:22,-34.7333,135.8667,57.61,52,7,11.5
281,Dingle,PH,2022-08-07 02:49:14,10.9995,122.6711,74.59,95,100,1.99
282,Batagay-Alyta,RU,2022-08-07 02:49:15,67.8006,130.4114,51.46,83,100,1.59
283,Asau,RO,2022-08-07 02:49:15,46.4333,26.4,68.95,93,25,5.53
284,Sasolburg,ZA,2022-08-07 02:49:15,-26.8136,27.817,52.45,26,3,4.88
285,Arraial Do Cabo,BR,2022-08-07 02:45:59,-22.9661,-42.0278,71.46,73,75,12.66
286,Esso,RU,2022-08-07 02:49:16,55.9333,158.7,75.85,55,68,1.66
287,Kaduqli,SD,2022-08-07 02:49:16,11.0167,29.7167,70.59,81,100,3.49
288,Malanje,AO,2022-08-07 02:49:16,-9.5402,16.341,62.29,55,1,2.95
289,Linxia,CN,2022-08-07 02:49:17,35.6003,103.2064,82.18,49,82,1.88
290,Grindavik,IS,2022-08-07 02:49:17,63.8424,-22.4338,49.95,100,100,9.22
291,Giyani,ZA,2022-08-07 02:49:17,-23.3025,30.7187,65.48,45,33,3.29
292,Graciano Sanchez,MX,2022-08-07 02:49:18,23.9167,-99.2833,79.09,66,14,6.13
293,Novosokolniki,RU,2022-08-07 02:49:18,56.3463,30.1578,52.56,97,100,3.85
294,Cidreira,BR,2022-08-07 02:49:18,-30.1811,-50.2056,55.17,84,100,13.44
295,Quthing,LS,2022-08-07 02:49:19,-30.4,27.7003,47.19,47,5,4.5
296,Rock Falls,US,2022-08-07 02:49:19,41.7798,-89.689,83.39,91,0,0.0
297,Oyskhara,RU,2022-08-07 02:49:19,43.2633,46.2494,68.34,85,97,0.87
298,Hare Bay,CA,2022-08-07 02:49:20,48.8499,-54.0148,63.75,82,59,6.08
299,Novyy Urgal,RU,2022-08-07 02:49:20,51.0736,132.5642,77.76,51,100,3.53
300,Upernavik,GL,2022-08-07 02:49:21,72.7868,-56.1549,39.88,88,32,12.35
301,Agadir,MA,2022-08-07 02:49:21,30.4202,-9.5982,66.65,70,3,2.01
302,Ngunguru,NZ,2022-08-07 02:49:21,-35.6167,174.5,58.93,93,100,7.63
303,Carutapera,BR,2022-08-07 02:49:22,-1.195,-46.02,76.69,86,89,7.14
304,Honiara,SB,2022-08-07 02:49:22,-9.4333,159.95,85.71,70,42,5.14
305,Ushi,AM,2022-08-07 02:49:22,40.3487,44.3725,66.9,63,0,5.17
306,Kintampo,GH,2022-08-07 02:49:23,8.0563,-1.7306,69.75,78,9,3.6
307,Mantua,IT,2022-08-07 02:49:23,45.1667,10.7833,73.98,80,97,3.0
308,Nizhniy Tsasuchey,RU,2022-08-07 02:49:23,50.5167,115.1333,65.75,40,1,17.22
309,Srednekolymsk,RU,2022-08-07 02:49:24,67.45,153.6833,60.85,47,94,11.81
310,Gravdal,NO,2022-08-07 02:49:24,68.1214,13.5031,51.57,80,100,12.73
311,Caravelas,BR,2022-08-07 02:49:24,-17.7125,-39.2481,69.04,91,2,1.72
312,Jiaozuo,CN,2022-08-07 02:49:25,35.2397,113.2331,93.33,57,100,6.46
313,Ariquemes,BR,2022-08-07 02:49:25,-9.9133,-63.0408,78.33,65,82,1.34
314,Sur,OM,2022-08-07 02:49:25,22.5667,59.5289,87.51,61,37,2.04
315,Nizhnevartovsk,RU,2022-08-07 02:49:26,60.9344,76.5531,66.22,72,0,8.99
316,Havre-Saint-Pierre,CA,2022-08-07 02:49:26,50.2334,-63.5986,61.16,82,100,3.44
317,Perpignan,FR,2022-08-07 02:49:26,42.75,2.75,77.83,56,0,2.3
318,Szczecinek,PL,2022-08-07 02:49:27,53.7079,16.6994,50.18,86,11,4.68
319,Jalu,LY,2022-08-07 02:49:27,29.0331,21.5482,76.75,57,0,8.59
320,Lazurne,UA,2022-08-07 02:49:27,46.084,32.5295,74.46,65,0,15.68
321,Balkanabat,TM,2022-08-07 02:49:28,39.5108,54.3671,87.04,28,14,11.88
322,Fukue,JP,2022-08-07 02:49:28,32.6881,128.8419,88.16,84,75,10.36
323,Sovetskiy,RU,2022-08-07 02:49:29,61.3614,63.5842,72.36,56,77,2.73
324,Turukhansk,RU,2022-08-07 02:49:29,65.8167,87.9833,61.79,74,96,11.32
325,Otukpo,NG,2022-08-07 02:50:29,7.1913,8.1329,70.34,97,78,4.45
326,Parrita,CR,2022-08-07 02:50:30,9.5201,-84.3225,74.55,96,100,4.79
327,Ladushkin,RU,2022-08-07 02:50:30,54.5703,20.171,62.76,81,51,7.36
328,Longyearbyen,SJ,2022-08-07 02:50:30,78.2186,15.6401,45.27,98,100,2.15
329,Alyangula,AU,2022-08-07 02:50:31,-13.8483,136.4192,82.74,60,0,14.07
330,Henties Bay,NA,2022-08-07 02:50:31,-22.116,14.2845,55.53,89,53,4.61
331,Nanortalik,GL,2022-08-07 02:50:31,60.1432,-45.2371,42.84,94,66,10.6
332,Vila Franca Do Campo,PT,2022-08-07 02:50:32,37.7167,-25.4333,72.01,89,15,6.26
333,Kishtwar,IN,2022-08-07 02:50:32,33.3167,75.7667,72.34,83,77,1.48
334,Mount Gambier,AU,2022-08-07 02:50:32,-37.8333,140.7667,51.75,56,100,4.43
335,Otjimbingwe,NA,2022-08-07 02:50:33,-22.35,16.1333,60.73,39,12,0.54
336,Victoria,HK,2022-08-07 02:45:57,22.2855,114.1577,90.97,77,75,11.01
337,Los Llanos De Aridane,ES,2022-08-07 02:50:33,28.6585,-17.9182,67.75,78,100,14.97
338,Whitecourt,CA,2022-08-07 02:50:33,54.1502,-115.6855,67.24,77,75,2.3
339,Dera Bugti,PK,2022-08-07 02:50:34,29.0307,69.151,88.29,58,84,2.13
340,Sijunjung,ID,2022-08-07 02:50:34,-0.6876,100.9537,83.61,62,78,0.56
341,Payakumbuh,ID,2022-08-07 02:50:34,-0.2202,100.6308,78.33,66,100,2.08
342,Severo-Kurilsk,RU,2022-08-07 02:50:35,50.6789,156.125,56.23,73,100,5.17
343,Yaan,NG,2022-08-07 02:50:35,7.3833,8.5667,70.81,97,87,5.01
344,Buta,CD,2022-08-07 02:50:35,2.7858,24.73,67.75,99,100,1.95
345,Fort Nelson,CA,2022-08-07 02:50:36,58.8053,-122.7002,76.59,31,40,11.5
346,Tsumeb,NA,2022-08-07 02:50:36,-19.2333,17.7167,63.19,31,3,4.97
347,Ambon,ID,2022-08-07 02:50:36,-3.6954,128.1814,82.54,78,40,3.44
348,Patacamaya,BO,2022-08-07 02:50:37,-17.2333,-67.9167,41.88,34,44,4.12
349,Astana,KZ,2022-08-07 02:50:37,51.1801,71.446,66.15,52,0,4.47
350,Lavumisa,SZ,2022-08-07 02:50:37,-27.31,31.892,66.78,86,98,3.09
351,Port Blair,IN,2022-08-07 02:50:37,11.6667,92.75,80.64,89,100,11.5
352,Vilyuysk,RU,2022-08-07 02:50:38,63.7553,121.6247,50.7,98,100,7.4
353,Clyde River,CA,2022-08-07 02:50:38,70.4692,-68.5914,37.63,100,100,17.27
354,Cap Malheureux,MU,2022-08-07 02:50:38,-19.9842,57.6142,68.47,78,10,1.01
355,Bonga,ET,2022-08-07 02:50:39,7.2833,36.2333,56.43,98,95,1.5
356,Lakatoro,VU,2022-08-07 02:50:39,-16.0999,167.4164,82.74,71,16,10.87
357,Sinnamary,GF,2022-08-07 02:50:39,5.3833,-52.95,78.42,83,40,9.22
358,Llanes,ES,2022-08-07 02:50:40,43.4198,-4.7549,69.49,82,8,2.95
359,Prince Rupert,CA,2022-08-07 02:50:40,54.3161,-130.3201,66.29,75,100,4.61
360,Fairview,US,2022-08-07 02:50:40,40.8126,-73.999,86.23,65,0,8.99
361,Kattivakkam,IN,2022-08-07 02:50:41,13.2167,80.3167,84.29,78,99,17.16
362,Verkhoyansk,RU,2022-08-07 02:50:41,67.5447,133.385,58.42,82,100,3.74
363,Alofi,NU,2022-08-07 02:50:41,-19.0595,-169.9187,75.09,73,100,10.36
364,Santarem,BR,2022-08-07 02:46:35,-2.4431,-54.7083,77.13,94,75,0.0
365,Bundoran,IE,2022-08-07 02:50:42,54.4778,-8.2809,53.64,93,18,10.65
366,Bathsheba,BB,2022-08-07 02:50:42,13.2167,-59.5167,79.05,96,75,4.61
367,Saint-Georges,GD,2022-08-07 02:50:42,12.0564,-61.7485,78.48,94,20,0.0
368,Lata,PT,2022-08-07 02:51:43,40.1629,-8.3327,59.86,94,0,1.86
369,Guamuchil,MX,2022-08-07 02:51:43,25.4667,-108.1,84.67,86,100,3.4
370,Mezen,RU,2022-08-07 02:51:44,65.8522,44.24,69.53,68,1,11.88
371,Nurobod,UZ,2022-08-07 02:51:44,40.9056,69.8023,83.98,26,22,2.89
372,Belaya Gora,RU,2022-08-07 02:51:44,68.5333,146.4167,63.81,43,97,12.55
373,Vostok,RU,2022-08-07 02:51:45,46.4856,135.8833,79.41,55,97,5.77
374,Mount Isa,AU,2022-08-07 02:51:45,-20.7333,139.5,73.17,21,6,12.66
375,Caldwell,US,2022-08-07 02:48:41,43.6629,-116.6874,89.47,17,0,4.61
376,Nhulunbuy,AU,2022-08-07 02:51:45,-12.2333,136.7667,86.61,54,2,18.41
377,Itaituba,BR,2022-08-07 02:51:46,-4.2761,-55.9836,73.22,82,7,2.68
378,Ambilobe,MG,2022-08-07 02:51:46,-13.2,49.05,63.55,82,35,3.76
379,Kholm,RU,2022-08-07 02:51:46,59.2667,32.85,55.49,97,100,4.41
380,Saldanha,ZA,2022-08-07 02:51:46,-33.0117,17.9442,55.45,70,54,8.97
381,Balyaga,RU,2022-08-07 02:51:47,51.1507,108.921,60.73,46,46,10.29
382,Zhuhai,CN,2022-08-07 02:51:47,22.2769,113.5678,92.86,79,20,9.22
383,Bantry,IE,2022-08-07 02:51:47,51.6833,-9.45,51.78,93,1,4.03
384,Krasnoselkup,RU,2022-08-07 02:51:48,65.7,82.4667,58.39,75,84,12.01
385,Romitan,UZ,2022-08-07 02:51:48,39.9343,64.3814,86.11,21,100,4.41
386,College,US,2022-08-07 02:51:48,64.8569,-147.8028,60.75,80,75,10.36
387,Zhanaozen,KZ,2022-08-07 02:51:49,43.3,52.8,80.24,34,100,11.72
388,Shelopugino,RU,2022-08-07 02:51:49,51.6514,117.5599,61.63,49,1,13.29
389,Port-Gentil,GA,2022-08-07 02:51:49,-0.7193,8.7815,73.2,83,100,13.02
390,Vanavara,RU,2022-08-07 02:51:50,60.34,102.2797,61.47,72,100,9.24
391,Jiwani,PK,2022-08-07 02:51:50,25.05,61.7417,80.19,85,95,1.99
392,Hithadhoo,MV,2022-08-07 02:51:50,-0.6,73.0833,82.49,71,100,11.52
393,Sirur,IN,2022-08-07 02:51:51,18.8333,74.3833,76.95,82,95,13.47
394,Straumen,NO,2022-08-07 02:51:51,63.8709,11.2999,51.8,87,96,9.13
395,Muli,MV,2022-08-07 02:51:51,2.9167,73.5667,81.77,77,100,13.35
396,Otradnoye,RU,2022-08-07 02:51:52,59.7775,30.8181,56.97,94,100,5.39
397,Altay,CN,2022-08-07 02:51:52,47.8667,88.1167,78.26,31,1,6.22
398,Ankpa,NG,2022-08-07 02:51:52,7.3706,7.6253,69.13,98,69,6.64
399,Vestmanna,FO,2022-08-07 02:51:53,62.1564,-7.1664,50.92,93,100,10.36
400,Sibolga,ID,2022-08-07 02:51:53,1.7427,98.7792,84.36,61,45,2.84
401,Baijiantan,CN,2022-08-07 02:51:53,45.6333,85.1833,91.2,22,2,5.3
402,Husavik,IS,2022-08-07 02:51:53,66.0449,-17.3389,51.8,87,79,5.99
403,Khandyga,RU,2022-08-07 02:51:54,62.6667,135.6,60.71,80,100,4.09
404,Farah,AF,2022-08-07 02:51:54,32.5,62.5,83.39,15,0,4.27
405,Pangnirtung,CA,2022-08-07 02:51:54,66.1451,-65.7125,43.25,90,98,1.68
406,Thompson,CA,2022-08-07 02:51:55,55.7435,-97.8558,62.76,63,40,3.44
407,Youhao,CN,2022-08-07 02:51:55,47.8667,128.8333,74.95,77,99,3.85
408,Kavieng,PG,2022-08-07 02:51:55,-2.5744,150.7967,83.68,71,78,7.23
409,Dali,CN,2022-08-07 02:51:56,25.7,100.1833,72.25,75,32,2.68
410,Kalanguy,RU,2022-08-07 02:51:56,51.0167,116.5167,59.67,55,15,15.39
411,Ojinaga,MX,2022-08-07 02:51:56,29.5667,-104.4167,93.42,33,0,18.41
412,Moyale,KE,2022-08-07 02:51:56,3.5167,39.0584,59.02,71,94,5.61
413,Atherton,GB,2022-08-07 02:51:57,53.5237,-2.4935,55.22,90,94,4.52
414,Beira,MZ,2022-08-07 02:51:57,-19.8436,34.8389,60.89,100,0,3.44
415,Knevichi,RU,2022-08-07 02:52:57,43.3992,132.1803,84.22,62,20,11.18
416,Cayenne,GF,2022-08-07 02:50:22,4.9333,-52.3333,79.09,1,0,0.0
417,Macomb,US,2022-08-07 02:51:34,40.4592,-90.6718,82.67,88,0,5.99
418,Kavaratti,IN,2022-08-07 02:50:57,10.5669,72.642,80.65,82,100,24.2
419,Dunda,TZ,2022-08-07 02:52:58,-8.1167,34.25,53.91,69,16,1.77
420,Kalmunai,LK,2022-08-07 02:52:58,7.4167,81.8167,82.81,57,93,5.03
421,Namibe,AO,2022-08-07 02:52:59,-15.1961,12.1522,60.67,88,0,7.65
422,Mucurapo,TT,2022-08-07 02:52:59,10.6667,-61.5333,78.96,86,3,6.42
423,Richards Bay,ZA,2022-08-07 02:52:59,-28.783,32.0377,66.15,89,100,7.85
424,Maldonado,UY,2022-08-07 02:53:00,-34.6667,-54.9167,45.23,89,100,3.8
425,Coahuayana,MX,2022-08-07 02:53:00,18.7333,-103.6833,75.27,95,100,3.56
426,Vila Do Maio,CV,2022-08-07 02:53:00,15.1333,-23.2167,79.59,86,78,5.08
427,Dandong,CN,2022-08-07 02:53:00,40.1292,124.3947,79.45,93,100,8.72
428,Praia Da Vitoria,PT,2022-08-07 02:53:01,38.7333,-27.0667,71.85,100,40,13.89
429,Ukiah,US,2022-08-07 02:50:16,39.1502,-123.2078,84.09,37,0,9.22
430,Port Hardy,CA,2022-08-07 02:53:01,50.6996,-127.4199,66.38,63,0,9.22
431,Lensk,RU,2022-08-07 02:53:01,60.7253,114.9278,54.63,74,88,11.12
432,San Quintin,MX,2022-08-07 02:53:02,30.4833,-115.95,70.88,86,83,9.78
433,Bosobolo,CD,2022-08-07 02:53:02,4.1833,19.9,70.21,98,100,2.82
434,Half Moon Bay,US,2022-08-07 02:53:03,37.4636,-122.4286,70.54,74,0,18.41
435,Ayr,GB,2022-08-07 02:50:52,55.4627,-4.6339,60.31,77,100,17.27
436,Hamilton,US,2022-08-07 02:51:44,39.1834,-84.5333,76.91,92,0,6.91
437,Aljezur,PT,2022-08-07 02:53:03,37.3191,-8.8033,62.71,93,0,3.94
438,Pokhara,NP,2022-08-07 02:53:04,28.2333,83.9833,78.6,79,100,2.21
439,Kristinehamn,SE,2022-08-07 02:53:04,59.3098,14.1081,46.96,81,24,8.88
440,Guerrero Negro,MX,2022-08-07 02:53:04,27.9769,-114.0611,72.05,86,77,12.3
441,Lompoc,US,2022-08-07 02:53:04,34.6391,-120.4579,69.94,72,0,12.66
442,Lazaro Cardenas,MX,2022-08-07 02:53:05,17.9583,-102.2,76.57,90,100,5.75
443,Henderson,US,2022-08-07 02:50:21,36.0397,-114.9819,100.74,22,0,6.91
444,Katangli,RU,2022-08-07 02:53:05,51.7102,143.2326,58.3,90,100,9.06
445,Atambua,ID,2022-08-07 02:53:06,-9.1061,124.8925,83.73,53,9,2.01
446,Mehamn,NO,2022-08-07 02:53:06,71.0357,27.8492,49.95,93,75,11.5
447,Alpena,US,2022-08-07 02:53:07,45.0617,-83.4327,79.12,86,0,3.44
448,Valday,RU,2022-08-07 02:53:07,57.9747,33.2525,55.96,98,100,5.37
449,Presidencia Roque Saenz Pena,AR,2022-08-07 02:53:08,-26.7852,-60.4388,50.4,97,3,6.15
450,Anadyr,RU,2022-08-07 02:53:08,64.75,177.4833,59.5,76,40,8.95
451,Galesong,ID,2022-08-07 02:53:08,-5.3166,119.3661,86.02,61,82,3.53
452,Mayo,US,2022-08-07 02:53:09,38.8876,-76.5119,82.94,84,0,6.91
453,Barra,BR,2022-08-07 02:53:09,-11.0894,-43.1417,77.41,45,58,10.4
454,Margate,GB,2022-08-07 02:50:20,51.3813,1.3862,57.31,67,42,1.72
455,Balsas,BR,2022-08-07 02:53:09,-7.5325,-46.0356,76.69,37,23,3.33
456,Dalby,AU,2022-08-07 02:53:10,-27.1833,151.2667,62.13,38,1,14.85
457,Champerico,GT,2022-08-07 02:53:10,14.3,-91.9167,77.86,88,98,7.74
458,Sarakhs,IR,2022-08-07 02:53:11,36.5449,61.1577,86.94,19,0,3.98
459,Bara,NG,2022-08-07 02:52:39,10.3744,10.7288,73.35,89,100,5.41
460,Santa Cruz De Tenerife,ES,2022-08-07 02:53:07,28.4682,-16.2546,76.6,68,0,5.75
461,Birjand,IR,2022-08-07 02:54:11,32.8663,59.2211,70.27,21,0,13.8
462,Villa Del Rosario,CO,2022-08-07 02:54:12,7.8339,-72.4742,75.58,88,40,6.91
463,Nuuk,GL,2022-08-07 02:54:12,64.1835,-51.7216,39.33,93,100,7.49
464,Pila,PL,2022-08-07 02:54:13,53.1515,16.7378,51.46,81,2,3.29
465,Dauphin,CA,2022-08-07 02:54:13,51.1494,-100.0502,60.94,77,0,5.75
466,Komsomolskiy,UZ,2022-08-07 02:51:57,40.4272,71.7189,86.92,22,0,6.87
467,Odda,NO,2022-08-07 02:54:14,60.0691,6.5457,55.78,94,100,4.97
468,Novoagansk,RU,2022-08-07 02:54:14,61.9449,76.6625,64.18,65,65,11.25
469,Kawalu,ID,2022-08-07 02:54:14,-7.3817,108.2082,76.89,81,90,4.72
470,Makakilo City,US,2022-08-07 02:54:15,21.3469,-158.0858,82.72,65,75,10.36
471,El Salto,MX,2022-08-07 02:51:00,20.3333,-104.5,61.38,94,100,1.12
472,Shimanovsk,RU,2022-08-07 02:54:15,52.0,127.7,57.31,90,100,2.26
473,Bay Roberts,CA,2022-08-07 02:54:16,47.5999,-53.2648,65.05,91,99,3.0
474,Vzmorye,RU,2022-08-07 02:54:16,54.6961,20.2361,63.0,79,51,5.88
475,Namtsy,RU,2022-08-07 02:54:17,62.7161,129.6658,64.71,72,100,13.33
476,Pudozh,RU,2022-08-07 02:54:17,61.8099,36.5345,56.26,96,100,7.85
477,Nishihara,JP,2022-08-07 02:54:17,26.1842,127.7558,88.88,68,40,11.5
478,Fraga,ES,2022-08-07 02:54:18,41.5229,0.3489,77.58,64,47,3.11
479,Goderich,CA,2022-08-07 02:54:18,43.7501,-81.7165,80.92,78,2,9.22
480,Buala,SB,2022-08-07 02:54:18,-8.145,159.5921,87.08,63,29,6.31
481,Shimoda,JP,2022-08-07 02:54:19,34.6667,138.95,80.1,75,64,4.59
482,Itoman,JP,2022-08-07 02:54:19,26.1247,127.6694,89.62,67,75,11.5
483,Nalut,LY,2022-08-07 02:54:19,30.3333,10.85,80.65,26,0,8.93
484,Altamira,BR,2022-08-07 02:54:20,-3.2033,-52.2064,77.31,70,71,3.04
485,Colchester,GB,2022-08-07 02:54:20,51.8892,0.9042,57.07,89,69,3.18
486,Waterloo,CA,2022-08-07 02:50:48,43.4668,-80.5164,76.87,86,0,4.61
487,Olmos,PE,2022-08-07 02:54:21,-5.9847,-79.7453,60.91,83,27,2.35
488,Santa Rosa,PH,2022-08-07 02:50:30,14.3122,121.1114,87.12,79,100,5.5
489,Eregli,TR,2022-08-07 02:54:21,37.5133,34.0467,68.23,62,0,5.66
490,Atasu,KZ,2022-08-07 02:54:21,48.6814,71.6433,70.77,34,34,15.61
491,Aksu,CN,2022-08-07 02:54:22,41.1231,80.2644,76.93,47,57,3.6
492,Coolum Beach,AU,2022-08-07 02:54:22,-26.5333,153.1,69.33,50,0,5.75
493,Andenes,NO,2022-08-07 02:54:23,69.3143,16.1194,51.78,93,100,3.44
494,Udachnyy,RU,2022-08-07 02:54:23,66.4167,112.4,52.45,93,100,4.81
495,Oistins,BB,2022-08-07 02:53:03,13.0667,-59.5333,78.51,94,75,4.61
496,Changchun,CN,2022-08-07 02:54:23,43.88,125.3228,73.36,96,100,12.39
497,Basudebpur,IN,2022-08-07 02:54:24,21.1353,86.7386,85.66,75,100,14.61
498,Nadym,RU,2022-08-07 02:50:06,65.5333,72.5167,62.17,63,99,5.55
499,Batemans Bay,AU,2022-08-07 02:54:24,-35.7167,150.1833,58.1,51,26,9.4
500,Port Macquarie,AU,2022-08-07 02:54:25,-31.4333,152.9167,64.89,39,24,9.78
501,Yerbogachen,RU,2022-08-07 02:54:25,61.2767,108.0108,47.34,96,100,8.32
502,Bangao,PH,2022-08-07 02:54:25,16.8211,120.8404,66.2,81,100,1.12
503,Nijar,ES,2022-08-07 02:54:26,36.9665,-2.206,75.65,50,0,11.5
504,Khasan,RU,2022-08-07 02:54:26,42.4308,130.6434,76.95,87,97,7.05
505,Aracati,BR,2022-08-07 02:55:26,-4.5617,-37.7697,77.05,78,23,11.65
506,Yumen,CN,2022-08-07 02:54:41,40.2833,97.2,75.38,33,100,13.98
507,Naze,JP,2022-08-07 02:55:27,28.3667,129.4833,86.92,75,9,2.21
508,Khvatovka,RU,2022-08-07 02:55:27,52.3524,46.5628,66.87,52,37,6.55
509,Morondava,MG,2022-08-07 02:55:28,-20.2833,44.2833,64.27,79,0,5.35
510,Olinda,BR,2022-08-07 02:55:28,-8.0089,-34.8553,76.73,83,40,10.36
511,Chifeng,CN,2022-08-07 02:55:28,42.2683,118.9636,87.13,53,38,6.98
512,Phangnga,TH,2022-08-07 02:55:29,8.4509,98.5298,84.24,69,98,6.62
513,Kitimat,CA,2022-08-07 02:55:29,54.0524,-128.6534,71.98,56,96,1.01
514,Tuatapere,NZ,2022-08-07 02:50:55,-46.1333,167.6833,41.13,73,100,5.77
515,Teknaf,BD,2022-08-07 02:55:29,20.8624,92.3058,85.06,74,29,12.08
516,Brisbane,AU,2022-08-07 02:55:30,-27.4679,153.0281,71.91,43,0,11.5
517,Aksarka,RU,2022-08-07 02:55:30,66.5606,67.7975,67.91,63,66,11.14
518,Polson,US,2022-08-07 02:53:41,47.6936,-114.1632,69.22,44,22,2.21
519,Kigoma,TZ,2022-08-07 02:55:30,-4.8769,29.6267,72.7,65,44,1.9
520,Quatre Cocos,MU,2022-08-07 02:55:31,-20.2078,57.7625,68.11,81,46,7.96
521,Brufut,GM,2022-08-07 02:55:31,13.3814,-16.7518,77.09,100,40,0.0
522,Sao Miguel Do Araguaia,BR,2022-08-07 02:55:31,-13.275,-50.1628,84.4,37,100,4.36
523,Te Anau,NZ,2022-08-07 02:55:32,-45.4167,167.7167,37.9,91,99,6.02
524,Sangmelima,CM,2022-08-07 02:55:32,2.9333,11.9833,66.54,97,98,3.58
525,Ongandjera,NA,2022-08-07 02:55:32,-17.8833,15.0667,60.37,31,0,5.95
526,Mega,ET,2022-08-07 02:55:32,4.05,38.3,51.55,79,93,11.32
527,Dolores,AR,2022-08-07 02:55:33,-36.3132,-57.6792,42.49,89,100,6.17
528,Hami,CN,2022-08-07 02:55:33,42.8,93.45,92.75,12,84,19.28
529,Villa Carlos Paz,AR,2022-08-07 02:55:33,-31.4241,-64.4978,46.38,42,51,1.99
530,Tacuarembo,UY,2022-08-07 02:52:02,-31.7333,-55.9833,43.23,95,81,8.68
531,Saint Anthony,US,2022-08-07 02:55:34,45.0205,-93.218,71.65,92,100,5.75
532,Ponta Delgada,PT,2022-08-07 02:55:34,37.7333,-25.6667,72.32,94,40,4.61
533,Lakselv,NO,2022-08-07 02:55:34,70.0513,24.9718,49.82,87,100,12.66
534,Mount Pleasant,US,2022-08-07 02:50:36,32.7941,-79.8626,82.0,91,0,0.0
535,Hervey Bay,AU,2022-08-07 02:55:35,-25.2986,152.8535,66.11,41,0,10.4
536,Simoes,BR,2022-08-07 02:55:35,-7.5989,-40.8178,70.36,64,8,10.58
537,Kousseri,CM,2022-08-07 02:55:36,12.0769,15.0306,77.65,74,100,7.92
538,Rosarito,MX,2022-08-07 02:55:36,32.3333,-117.0333,85.66,70,10,13.02
539,Nara,JP,2022-08-07 02:55:36,34.6851,135.8049,94.5,37,76,1.79
540,Ayan,RU,2022-08-07 02:55:37,56.45,138.1667,55.81,91,100,18.63
541,Nikolayevka,RU,2022-08-07 02:55:37,53.1257,47.2041,67.15,60,22,4.05
542,Tromso,NO,2022-08-07 02:55:37,69.6496,18.957,50.38,87,100,2.3
543,Yangambi,CD,2022-08-07 02:55:38,0.8102,24.4336,70.48,97,100,2.44
544,Bergerac,FR,2022-08-07 02:55:38,44.8333,0.5,66.87,63,0,2.3
545,Tooele,US,2022-08-07 02:55:38,40.5308,-112.2983,66.85,83,75,5.75
546,Huimilpan,MX,2022-08-07 02:55:39,20.372,-100.2774,56.68,76,100,9.57
547,Egvekinot,RU,2022-08-07 02:55:39,66.3167,-179.1667,48.69,63,100,6.31
548,Xining,CN,2022-08-07 02:55:39,36.6167,101.7667,77.81,53,85,4.88
549,Kualakapuas,ID,2022-08-07 02:55:39,-3.0091,114.3876,86.47,52,100,3.87
550,Yagodnoye,RU,2022-08-07 02:55:40,62.55,149.6667,72.7,46,55,5.61
551,Ust-Nera,RU,2022-08-07 02:56:40,64.5667,143.2,73.65,48,100,3.51
552,Sovkhoznyy,RU,2022-08-07 02:56:40,45.2946,38.1138,70.09,54,0,12.37
553,Camacupa,AO,2022-08-07 02:56:41,-12.0167,17.4833,54.14,46,0,4.38
554,Soltau,DE,2022-08-07 02:56:41,52.9833,9.8333,47.88,84,82,0.2
555,Rawson,AR,2022-08-07 02:56:41,-43.3002,-65.1023,43.16,77,100,11.07
556,Lucea,JM,2022-08-07 02:56:42,18.451,-78.1736,82.26,77,98,4.59
557,Broken Hill,AU,2022-08-07 02:56:42,-31.95,141.4333,57.31,45,0,11.01
558,Omboue,GA,2022-08-07 02:56:42,-1.5746,9.2618,71.2,80,99,7.58
559,Vilhena,BR,2022-08-07 02:56:42,-12.7406,-60.1458,72.57,66,81,1.54
560,Hof,DE,2022-08-07 02:56:43,50.3167,11.9167,51.51,63,0,3.44
561,Maceio,BR,2022-08-07 02:56:43,-9.6658,-35.7353,72.84,88,20,3.44
562,Muisne,EC,2022-08-07 02:56:43,0.6,-80.0333,73.83,85,100,8.61
563,Okha,RU,2022-08-07 02:56:21,53.5739,142.9478,59.2,90,100,15.7
564,Roma,US,2022-08-07 02:53:30,43.2128,-75.4557,77.86,96,38,2.53
565,Tomatlan,MX,2022-08-07 02:56:44,19.9333,-105.25,73.96,96,100,3.47
566,Poum,NC,2022-08-07 02:56:44,-20.2333,164.0167,76.44,79,2,1.5
567,Ulsteinvik,NO,2022-08-07 02:56:45,62.3432,5.8487,56.75,77,61,4.0
568,Nusaybin,TR,2022-08-07 02:56:45,37.0778,41.2178,81.25,39,1,7.02
